Fitbeans,Fitbeans,Fitbeans,Fitbeans,Fitbeans,Fitbeans,Fitbeans,Fitbeans,Fitbeans,Fitbeans,Fitbeans,Fitbeans,
TIME,HR,CPM,TIME,HR,CPM,TIME,HR,CPM,TIME,HR,CPM,
2019-06-12 11-19-19,98,0,2019-06-12 11-19-19,99,0,2019-06-12 11-19-19,88,0,2019-06-12 11-19-18,75,0,
2019-06-12 11-19-20,98,0,2019-06-12 11-19-20,98,0,2019-06-12 11-19-20,89,0,2019-06-12 11-19-19,77,0,
2019-06-12 11-19-21,97,0,2019-06-12 11-19-21,97,0,2019-06-12 11-19-21,89,0,2019-06-12 11-19-20,79,0,
2019-06-12 11-19-22,96,0,2019-06-12 11-19-22,94,0,2019-06-12 11-19-22,89,0,2019-06-12 11-19-21,81,0,
2019-06-12 11-19-23,94,0,2019-06-12 11-19-23,93,0,2019-06-12 11-19-23,88,0,2019-06-12 11-19-22,82,0,
2019-06-12 11-19-24,94,0,2019-06-12 11-19-24,93,0,2019-06-12 11-19-24,87,0,2019-06-12 11-19-23,81,0,
2019-06-12 11-19-25,94,0,2019-06-12 11-19-25,93,0,2019-06-12 11-19-25,86,0,2019-06-12 11-19-24,82,0,
2019-06-12 11-19-26,94,0,2019-06-12 11-19-26,93,0,2019-06-12 11-19-26,86,0,2019-06-12 11-19-25,82,0,
2019-06-12 11-19-27,94,0,2019-06-12 11-19-27,93,0,2019-06-12 11-19-27,88,0,2019-06-12 11-19-26,83,0,
2019-06-12 11-19-28,94,0,2019-06-12 11-19-28,93,0,2019-06-12 11-19-28,88,0,2019-06-12 11-19-27,83,0,
2019-06-12 11-19-29,93,0,2019-06-12 11-19-29,92,0,2019-06-12 11-19-29,89,0,2019-06-12 11-19-28,83,0,
2019-06-12 11-19-30,93,0,2019-06-12 11-19-30,91,0,2019-06-12 11-19-30,88,0,2019-06-12 11-19-29,82,0,
2019-06-12 11-19-31,93,0,2019-06-12 11-19-31,88,0,2019-06-12 11-19-31,88,0,2019-06-12 11-19-30,82,0,
2019-06-12 11-19-32,92,0,2019-06-12 11-19-32,87,0,2019-06-12 11-19-32,88,0,2019-06-12 11-19-31,83,0,
2019-06-12 11-19-33,92,0,2019-06-12 11-19-33,86,0,2019-06-12 11-19-33,88,0,2019-06-12 11-19-32,83,0,
2019-06-12 11-19-34,91,0,2019-06-12 11-19-34,85,0,2019-06-12 11-19-34,88,0,2019-06-12 11-19-33,84,0,
2019-06-12 11-19-35,90,0,2019-06-12 11-19-35,85,0,2019-06-12 11-19-35,88,0,2019-06-12 11-19-34,84,0,
2019-06-12 11-19-36,88,0,2019-06-12 11-19-36,84,0,2019-06-12 11-19-36,88,0,2019-06-12 11-19-35,83,0,
2019-06-12 11-19-37,88,0,2019-06-12 11-19-37,84,0,2019-06-12 11-19-37,87,0,2019-06-12 11-19-36,83,0,
2019-06-12 11-19-37,87,0,2019-06-12 11-19-38,83,0,2019-06-12 11-19-38,87,0,2019-06-12 11-19-37,80,0,
2019-06-12 11-19-39,86,0,2019-06-12 11-19-39,83,0,2019-06-12 11-19-39,86,0,2019-06-12 11-19-38,80,0,
2019-06-12 11-19-40,85,0,2019-06-12 11-19-40,83,0,2019-06-12 11-19-40,85,0,2019-06-12 11-19-39,80,0,
2019-06-12 11-19-40,84,0,2019-06-12 11-19-41,83,0,2019-06-12 11-19-41,84,0,2019-06-12 11-19-40,80,0,
2019-06-12 11-19-41,84,0,2019-06-12 11-19-42,83,0,2019-06-12 11-19-42,84,0,2019-06-12 11-19-41,79,0,
2019-06-12 11-19-42,85,0,2019-06-12 11-19-43,82,0,2019-06-12 11-19-43,85,0,2019-06-12 11-19-42,79,0,
2019-06-12 11-19-43,85,0,2019-06-12 11-19-44,84,0,2019-06-12 11-19-44,85,0,2019-06-12 11-19-43,79,0,
2019-06-12 11-19-44,85,0,2019-06-12 11-19-45,84,0,2019-06-12 11-19-45,86,0,2019-06-12 11-19-44,80,0,
2019-06-12 11-19-45,84,0,2019-06-12 11-19-46,85,0,2019-06-12 11-19-46,86,0,2019-06-12 11-19-45,81,0,
2019-06-12 11-19-46,84,0,2019-06-12 11-19-47,85,0,2019-06-12 11-19-47,88,0,2019-06-12 11-19-46,82,0,
2019-06-12 11-19-47,84,0,2019-06-12 11-19-48,87,0,2019-06-12 11-19-48,89,0,2019-06-12 11-19-47,85,0,
2019-06-12 11-19-48,84,0,2019-06-12 11-19-49,88,0,2019-06-12 11-19-49,90,0,2019-06-12 11-19-48,86,0,
2019-06-12 11-19-49,84,0,2019-06-12 11-19-50,89,0,2019-06-12 11-19-50,90,0,2019-06-12 11-19-49,88,0,
2019-06-12 11-19-50,84,0,2019-06-12 11-19-51,90,0,2019-06-12 11-19-51,89,0,2019-06-12 11-19-50,89,0,
2019-06-12 11-19-51,85,0,2019-06-12 11-19-52,90,0,2019-06-12 11-19-52,89,0,2019-06-12 11-19-51,89,0,
2019-06-12 11-19-52,85,0,2019-06-12 11-19-53,90,0,2019-06-12 11-19-53,90,0,2019-06-12 11-19-52,89,0,
2019-06-12 11-19-53,86,0,2019-06-12 11-19-54,89,0,2019-06-12 11-19-54,91,0,2019-06-12 11-19-53,89,0,
2019-06-12 11-19-54,88,0,2019-06-12 11-19-55,90,0,2019-06-12 11-19-55,91,0,2019-06-12 11-19-54,89,0,
2019-06-12 11-19-55,89,0,2019-06-12 11-19-56,91,0,2019-06-12 11-19-56,92,0,2019-06-12 11-19-55,90,0,
2019-06-12 11-19-56,90,0,2019-06-12 11-19-57,92,0,2019-06-12 11-19-57,92,0,2019-06-12 11-19-56,90,0,
2019-06-12 11-19-57,91,0,2019-06-12 11-19-58,92,0,2019-06-12 11-19-58,93,0,2019-06-12 11-19-57,91,0,
2019-06-12 11-19-58,91,0,2019-06-12 11-19-59,92,0,2019-06-12 11-19-59,93,0,2019-06-12 11-19-58,91,0,
2019-06-12 11-19-59,92,0,2019-06-12 11-20-00,93,0,2019-06-12 11-20-00,93,0,2019-06-12 11-19-59,92,0,
2019-06-12 11-20-00,92,0,2019-06-12 11-20-01,93,0,2019-06-12 11-20-01,93,0,2019-06-12 11-20-00,92,0,
2019-06-12 11-20-01,92,0,2019-06-12 11-20-02,92,0,2019-06-12 11-20-02,93,0,2019-06-12 11-20-01,92,0,
2019-06-12 11-20-02,93,0,2019-06-12 11-20-03,91,0,2019-06-12 11-20-03,92,0,2019-06-12 11-20-02,92,0,
2019-06-12 11-20-03,93,0,2019-06-12 11-20-04,91,0,2019-06-12 11-20-04,92,0,2019-06-12 11-20-03,92,0,
2019-06-12 11-20-04,93,0,2019-06-12 11-20-05,90,0,2019-06-12 11-20-05,91,0,2019-06-12 11-20-04,92,0,
2019-06-12 11-20-05,93,0,2019-06-12 11-20-06,90,0,2019-06-12 11-20-06,91,0,2019-06-12 11-20-05,91,0,
2019-06-12 11-20-06,92,0,2019-06-12 11-20-07,90,0,2019-06-12 11-20-07,90,0,2019-06-12 11-20-06,91,0,
2019-06-12 11-20-07,92,0,2019-06-12 11-20-08,89,0,2019-06-12 11-20-08,90,0,2019-06-12 11-20-07,92,0,
2019-06-12 11-20-08,91,0,2019-06-12 11-20-09,89,0,2019-06-12 11-20-09,90,0,2019-06-12 11-20-08,92,0,
2019-06-12 11-20-09,92,0,2019-06-12 11-20-10,90,0,2019-06-12 11-20-10,89,0,2019-06-12 11-20-09,93,0,
2019-06-12 11-20-10,92,0,2019-06-12 11-20-11,90,0,2019-06-12 11-20-11,89,0,2019-06-12 11-20-10,92,0,
2019-06-12 11-20-11,92,0,2019-06-12 11-20-12,90,0,2019-06-12 11-20-12,90,0,2019-06-12 11-20-11,94,0,
2019-06-12 11-20-12,93,0,2019-06-12 11-20-13,91,0,2019-06-12 11-20-13,91,0,2019-06-12 11-20-12,94,0,
2019-06-12 11-20-13,93,0,2019-06-12 11-20-14,92,0,2019-06-12 11-20-14,91,0,2019-06-12 11-20-13,94,0,
2019-06-12 11-20-14,93,0,2019-06-12 11-20-15,92,0,2019-06-12 11-20-15,92,0,2019-06-12 11-20-14,94,0,
2019-06-12 11-20-15,94,0,2019-06-12 11-20-16,92,0,2019-06-12 11-20-16,92,0,2019-06-12 11-20-15,94,0,
2019-06-12 11-20-16,94,0,2019-06-12 11-20-17,93,0,2019-06-12 11-20-17,93,0,2019-06-12 11-20-16,95,0,
2019-06-12 11-20-17,95,0,2019-06-12 11-20-18,94,0,2019-06-12 11-20-18,94,0,2019-06-12 11-20-17,96,0,
2019-06-12 11-20-18,96,0,2019-06-12 11-20-19,95,0,2019-06-12 11-20-19,96,0,2019-06-12 11-20-18,97,0,
2019-06-12 11-20-19,97,0,2019-06-12 11-20-20,96,0,2019-06-12 11-20-20,97,0,2019-06-12 11-20-19,97,0,
2019-06-12 11-20-20,98,0,2019-06-12 11-20-21,97,0,2019-06-12 11-20-21,97,0,2019-06-12 11-20-20,98,0,
2019-06-12 11-20-21,98,0,2019-06-12 11-20-22,98,0,2019-06-12 11-20-22,96,0,2019-06-12 11-20-21,98,0,
2019-06-12 11-20-22,99,0,2019-06-12 11-20-23,98,0,2019-06-12 11-20-23,96,0,2019-06-12 11-20-22,98,0,
2019-06-12 11-24-49,140,0,2019-06-12 11-24-49,140,0,2019-06-12 11-24-49,140,0,2019-06-12 11-24-49,137,0,
2019-06-12 11-24-50,139,0,2019-06-12 11-24-50,141,0,2019-06-12 11-24-50,141,0,2019-06-12 11-24-50,142,0,
2019-06-12 11-24-51,139,0,2019-06-12 11-24-51,140,0,2019-06-12 11-24-51,140,0,2019-06-12 11-24-51,141,0,
2019-06-12 11-24-52,139,0,2019-06-12 11-24-52,139,0,2019-06-12 11-24-52,140,0,2019-06-12 11-24-52,141,0,
2019-06-12 11-24-54,142,0,2019-06-12 11-24-54,143,0,2019-06-12 11-24-53,141,0,2019-06-12 11-24-53,143,0,
2019-06-12 11-24-55,142,0,2019-06-12 11-24-55,143,0,2019-06-12 11-24-54,140,0,2019-06-12 11-24-55,141,0,
2019-06-12 11-24-56,141,0,2019-06-12 11-24-56,142,0,2019-06-12 11-24-55,140,0,2019-06-12 11-24-56,144,0,
2019-06-12 11-24-57,141,0,2019-06-12 11-24-57,142,0,2019-06-12 11-24-56,141,0,2019-06-12 11-24-57,144,0,
2019-06-12 11-24-58,141,0,2019-06-12 11-24-58,142,0,2019-06-12 11-24-57,141,0,2019-06-12 11-24-58,143,0,
2019-06-12 11-24-59,141,0,2019-06-12 11-24-59,142,0,2019-06-12 11-24-58,141,0,2019-06-12 11-24-59,146,0,
2019-06-12 11-25-00,141,0,2019-06-12 11-25-00,142,0,2019-06-12 11-24-59,141,0,2019-06-12 11-25-00,145,0,
2019-06-12 11-25-01,140,0,2019-06-12 11-25-01,141,0,2019-06-12 11-25-00,141,0,2019-06-12 11-25-01,146,0,
2019-06-12 11-25-02,140,0,2019-06-12 11-25-02,141,0,2019-06-12 11-25-01,141,0,2019-06-12 11-25-02,146,0,
2019-06-12 11-25-03,139,0,2019-06-12 11-25-03,140,0,2019-06-12 11-25-02,141,0,2019-06-12 11-25-03,146,0,
2019-06-12 11-25-04,140,0,2019-06-12 11-25-04,141,0,2019-06-12 11-25-03,140,0,2019-06-12 11-25-04,145,0,
2019-06-12 11-25-05,139,0,2019-06-12 11-25-05,140,0,2019-06-12 11-25-04,140,0,2019-06-12 11-25-04,146,0,
2019-06-12 11-25-06,139,0,2019-06-12 11-25-06,140,0,2019-06-12 11-25-05,140,0,2019-06-12 11-25-06,145,0,
2019-06-12 11-25-07,139,0,2019-06-12 11-25-07,140,0,2019-06-12 11-25-06,140,0,2019-06-12 11-25-07,145,0,
2019-06-12 11-25-08,138,0,2019-06-12 11-25-08,140,0,2019-06-12 11-25-07,141,0,2019-06-12 11-25-07,146,0,
2019-06-12 11-25-09,140,0,2019-06-12 11-25-09,140,0,2019-06-12 11-25-08,140,0,2019-06-12 11-25-08,145,0,
2019-06-12 11-25-10,140,0,2019-06-12 11-25-10,140,0,2019-06-12 11-25-09,139,0,2019-06-12 11-25-10,145,0,
2019-06-12 11-25-11,140,0,2019-06-12 11-25-11,141,0,2019-06-12 11-25-10,139,0,2019-06-12 11-25-10,144,0,
2019-06-12 11-25-12,139,0,2019-06-12 11-25-12,140,0,2019-06-12 11-25-11,140,0,2019-06-12 11-25-11,143,0,
2019-06-12 11-25-13,140,0,2019-06-12 11-25-13,139,0,2019-06-12 11-25-12,139,0,2019-06-12 11-25-12,143,0,
2019-06-12 11-25-14,140,0,2019-06-12 11-25-14,140,0,2019-06-12 11-25-13,140,0,2019-06-12 11-25-13,143,0,
2019-06-12 11-25-15,141,0,2019-06-12 11-25-15,140,0,2019-06-12 11-25-14,140,0,2019-06-12 11-25-14,142,0,
2019-06-12 11-25-16,141,0,2019-06-12 11-25-16,139,0,2019-06-12 11-25-15,139,0,2019-06-12 11-25-15,142,0,
2019-06-12 11-25-17,141,0,2019-06-12 11-25-17,139,0,2019-06-12 11-25-16,140,0,2019-06-12 11-25-16,141,0,
2019-06-12 11-25-18,140,0,2019-06-12 11-25-18,138,0,2019-06-12 11-25-17,141,0,2019-06-12 11-25-17,140,0,
2019-06-12 11-25-19,140,0,2019-06-12 11-25-19,138,0,2019-06-12 11-25-18,140,0,2019-06-12 11-25-18,140,0,
2019-06-12 11-25-20,139,0,2019-06-12 11-25-20,138,0,2019-06-12 11-25-19,139,0,2019-06-12 11-25-19,140,0,
2019-06-12 11-25-21,139,0,2019-06-12 11-25-21,137,0,2019-06-12 11-25-20,139,0,2019-06-12 11-25-20,139,0,
2019-06-12 11-25-22,138,0,2019-06-12 11-25-22,137,0,2019-06-12 11-25-21,138,0,2019-06-12 11-25-21,139,0,
2019-06-12 11-25-23,138,0,2019-06-12 11-25-23,137,0,2019-06-12 11-25-22,138,0,2019-06-12 11-25-22,138,0,
2019-06-12 11-25-24,138,0,2019-06-12 11-25-24,137,0,2019-06-12 11-25-23,138,0,2019-06-12 11-25-23,138,0,
2019-06-12 11-25-25,137,0,2019-06-12 11-25-25,137,0,2019-06-12 11-25-24,137,0,2019-06-12 11-25-24,138,0,
2019-06-12 11-25-26,139,0,2019-06-12 11-25-26,136,0,2019-06-12 11-25-25,137,0,2019-06-12 11-25-25,138,0,
2019-06-12 11-25-27,139,0,2019-06-12 11-25-27,136,0,2019-06-12 11-25-26,137,0,2019-06-12 11-25-26,139,0,
2019-06-12 11-25-28,140,0,2019-06-12 11-25-28,136,0,2019-06-12 11-25-27,138,0,2019-06-12 11-25-27,139,0,
2019-06-12 11-25-29,140,0,2019-06-12 11-25-29,136,0,2019-06-12 11-25-28,138,0,2019-06-12 11-25-28,138,0,
2019-06-12 11-25-30,140,0,2019-06-12 11-25-30,136,0,2019-06-12 11-25-29,138,0,2019-06-12 11-25-29,138,0,
2019-06-12 11-25-31,140,0,2019-06-12 11-25-31,136,0,2019-06-12 11-25-30,140,0,2019-06-12 11-25-30,138,0,
2019-06-12 11-25-32,141,0,2019-06-12 11-25-32,136,0,2019-06-12 11-25-31,140,0,2019-06-12 11-25-31,140,0,
2019-06-12 11-25-33,141,0,2019-06-12 11-25-33,136,0,2019-06-12 11-25-32,141,0,2019-06-12 11-25-32,140,0,
2019-06-12 11-25-34,140,0,2019-06-12 11-25-34,136,0,2019-06-12 11-25-33,141,0,2019-06-12 11-25-33,140,0,
2019-06-12 11-25-35,140,0,2019-06-12 11-25-35,135,0,2019-06-12 11-25-34,141,0,2019-06-12 11-25-34,139,0,
2019-06-12 11-25-36,140,0,2019-06-12 11-25-36,140,0,2019-06-12 11-25-35,140,0,2019-06-12 11-25-35,140,0,
2019-06-12 11-25-37,139,0,2019-06-12 11-25-37,139,0,2019-06-12 11-25-36,139,0,2019-06-12 11-25-36,140,0,
2019-06-12 11-25-38,140,0,2019-06-12 11-25-38,140,0,2019-06-12 11-25-37,139,0,2019-06-12 11-25-37,139,0,
2019-06-12 11-25-39,140,0,2019-06-12 11-25-39,140,0,2019-06-12 11-25-38,140,0,2019-06-12 11-25-38,139,0,
2019-06-12 11-25-40,140,0,2019-06-12 11-25-40,139,0,2019-06-12 11-25-39,140,0,2019-06-12 11-25-39,139,0,
2019-06-12 11-25-41,140,0,2019-06-12 11-25-41,139,0,2019-06-12 11-25-40,139,0,2019-06-12 11-25-40,138,0,
2019-06-12 11-25-42,140,0,2019-06-12 11-25-42,140,0,2019-06-12 11-25-41,140,0,2019-06-12 11-25-41,140,0,
2019-06-12 11-25-43,141,0,2019-06-12 11-25-43,140,0,2019-06-12 11-25-42,140,0,2019-06-12 11-25-42,143,0,
2019-06-12 11-25-44,141,0,2019-06-12 11-25-44,141,0,2019-06-12 11-25-43,140,0,2019-06-12 11-25-43,143,0,
2019-06-12 11-25-45,141,0,2019-06-12 11-25-45,141,0,2019-06-12 11-25-44,141,0,2019-06-12 11-25-44,143,0,
2019-06-12 11-25-46,141,0,2019-06-12 11-25-46,140,0,2019-06-12 11-25-45,141,0,2019-06-12 11-25-45,142,0,
2019-06-12 11-25-47,141,0,2019-06-12 11-25-47,140,0,2019-06-12 11-25-46,141,0,2019-06-12 11-25-46,142,0,
2019-06-12 11-25-48,141,0,2019-06-12 11-25-48,141,0,2019-06-12 11-25-47,141,0,2019-06-12 11-25-47,142,0,
2019-06-12 11-25-49,140,0,2019-06-12 11-25-49,141,0,2019-06-12 11-25-48,141,0,2019-06-12 11-25-48,142,0,
2019-06-12 11-25-50,140,0,2019-06-12 11-25-50,141,0,2019-06-12 11-25-49,141,0,2019-06-12 11-25-49,142,0,
2019-06-12 11-25-51,140,0,2019-06-12 11-25-51,141,0,2019-06-12 11-25-50,141,0,2019-06-12 11-25-50,141,0,
2019-06-12 11-25-52,140,0,2019-06-12 11-25-52,141,0,2019-06-12 11-25-51,141,0,2019-06-12 11-25-51,144,0,
2019-06-12 11-25-53,140,0,2019-06-12 11-25-53,145,0,2019-06-12 11-25-52,141,0,2019-06-12 11-25-52,143,0,
2019-06-12 11-25-54,141,0,2019-06-12 11-25-54,144,0,2019-06-12 11-25-53,142,0,2019-06-12 11-25-53,143,0,
2019-06-12 11-25-55,141,0,2019-06-12 11-25-55,144,0,2019-06-12 11-25-54,142,0,2019-06-12 11-25-54,145,0,
2019-06-12 11-25-56,140,0,2019-06-12 11-25-56,143,0,2019-06-12 11-25-55,142,0,2019-06-12 11-25-55,145,0,
2019-06-12 11-25-57,142,0,2019-06-12 11-25-57,145,0,2019-06-12 11-25-56,142,0,2019-06-12 11-25-56,144,0,
2019-06-12 11-25-58,142,0,2019-06-12 11-25-58,145,0,2019-06-12 11-25-57,142,0,2019-06-12 11-25-57,146,0,
2019-06-12 11-25-59,144,0,2019-06-12 11-25-59,146,0,2019-06-12 11-25-58,142,0,2019-06-12 11-25-58,145,0,
2019-06-12 11-26-00,144,0,2019-06-12 11-26-00,145,0,2019-06-12 11-25-59,141,0,2019-06-12 11-25-59,145,0,
2019-06-12 11-26-01,143,0,2019-06-12 11-26-01,145,0,2019-06-12 11-26-00,141,0,2019-06-12 11-26-00,146,0,
2019-06-12 11-26-02,143,0,2019-06-12 11-26-02,144,0,2019-06-12 11-26-01,141,0,2019-06-12 11-26-01,146,0,
2019-06-12 11-26-03,143,0,2019-06-12 11-26-03,144,0,2019-06-12 11-26-02,141,0,2019-06-12 11-26-02,145,0,
2019-06-12 11-26-04,142,0,2019-06-12 11-26-04,143,0,2019-06-12 11-26-03,141,0,2019-06-12 11-26-03,146,0,
2019-06-12 11-26-05,142,0,2019-06-12 11-26-05,143,0,2019-06-12 11-26-04,141,0,2019-06-12 11-26-04,146,0,
2019-06-12 11-26-06,142,0,2019-06-12 11-26-06,143,0,2019-06-12 11-26-05,141,0,2019-06-12 11-26-05,145,0,
2019-06-12 11-26-07,142,0,2019-06-12 11-26-07,143,0,2019-06-12 11-26-06,141,0,2019-06-12 11-26-06,146,0,
2019-06-12 11-26-08,142,0,2019-06-12 11-26-08,142,0,2019-06-12 11-26-07,141,0,2019-06-12 11-26-07,145,0,
2019-06-12 11-26-09,142,0,2019-06-12 11-26-09,142,0,2019-06-12 11-26-08,141,0,2019-06-12 11-26-08,145,0,
2019-06-12 11-26-10,142,0,2019-06-12 11-26-10,142,0,2019-06-12 11-26-09,141,0,2019-06-12 11-26-09,146,0,
2019-06-12 11-26-11,142,0,2019-06-12 11-26-11,142,0,2019-06-12 11-26-10,141,0,2019-06-12 11-26-10,146,0,
2019-06-12 11-26-12,141,0,2019-06-12 11-26-12,142,0,2019-06-12 11-26-11,141,0,2019-06-12 11-26-11,145,0,
2019-06-12 11-26-13,141,0,2019-06-12 11-26-13,142,0,2019-06-12 11-26-12,141,0,2019-06-12 11-26-12,146,0,
2019-06-12 11-26-14,141,0,2019-06-12 11-26-14,142,0,2019-06-12 11-26-13,141,0,2019-06-12 11-26-13,145,0,
2019-06-12 11-26-15,141,0,2019-06-12 11-26-15,141,0,2019-06-12 11-26-14,141,0,2019-06-12 11-26-14,146,0,
2019-06-12 11-26-16,141,0,2019-06-12 11-26-16,141,0,2019-06-12 11-26-15,141,0,2019-06-12 11-26-15,146,0,
2019-06-12 11-26-17,141,0,2019-06-12 11-26-17,141,0,2019-06-12 11-26-16,141,0,2019-06-12 11-26-16,145,0,
2019-06-12 11-26-18,140,0,2019-06-12 11-26-18,141,0,2019-06-12 11-26-17,141,0,2019-06-12 11-26-17,146,0,
2019-06-12 11-26-19,140,0,2019-06-12 11-26-19,141,0,2019-06-12 11-26-18,141,0,2019-06-12 11-26-18,146,0,
2019-06-12 11-26-20,140,0,2019-06-12 11-26-20,142,0,2019-06-12 11-26-19,141,0,2019-06-12 11-26-19,146,0,
2019-06-12 11-26-21,140,0,2019-06-12 11-26-21,142,0,2019-06-12 11-26-20,141,0,2019-06-12 11-26-20,146,0,
2019-06-12 11-26-22,140,0,2019-06-12 11-26-22,142,0,2019-06-12 11-26-21,141,0,2019-06-12 11-26-21,146,0,
2019-06-12 11-26-23,141,0,2019-06-12 11-26-23,142,0,2019-06-12 11-26-22,141,0,2019-06-12 11-26-22,145,0,
2019-06-12 11-26-24,142,0,2019-06-12 11-26-24,145,0,2019-06-12 11-26-23,141,0,2019-06-12 11-26-23,145,0,
2019-06-12 11-26-25,142,0,2019-06-12 11-26-25,144,0,2019-06-12 11-26-24,141,0,2019-06-12 11-26-24,144,0,
2019-06-12 11-26-26,141,0,2019-06-12 11-26-26,143,0,2019-06-12 11-26-25,141,0,2019-06-12 11-26-25,144,0,
2019-06-12 11-26-27,141,0,2019-06-12 11-26-27,143,0,2019-06-12 11-26-26,141,0,2019-06-12 11-26-26,143,0,
2019-06-12 11-26-28,141,0,2019-06-12 11-26-28,143,0,2019-06-12 11-26-27,141,0,2019-06-12 11-26-27,142,0,
2019-06-12 11-26-29,141,0,2019-06-12 11-26-29,142,0,2019-06-12 11-26-28,140,0,2019-06-12 11-26-28,142,0,
2019-06-12 11-26-30,141,0,2019-06-12 11-26-30,141,0,2019-06-12 11-26-29,140,0,2019-06-12 11-26-29,141,0,
2019-06-12 11-26-31,141,0,2019-06-12 11-26-31,141,0,2019-06-12 11-26-30,140,0,2019-06-12 11-26-30,141,0,
2019-06-12 11-26-32,141,0,2019-06-12 11-26-32,141,0,2019-06-12 11-26-31,141,0,2019-06-12 11-26-31,141,0,
2019-06-12 11-26-33,141,0,2019-06-12 11-26-33,141,0,2019-06-12 11-26-32,140,0,2019-06-12 11-26-32,144,0,
2019-06-12 11-26-34,141,0,2019-06-12 11-26-34,141,0,2019-06-12 11-26-33,140,0,2019-06-12 11-26-33,143,0,
2019-06-12 11-26-35,143,0,2019-06-12 11-26-35,141,0,2019-06-12 11-26-34,140,0,2019-06-12 11-26-34,143,0,
2019-06-12 11-26-36,142,0,2019-06-12 11-26-36,141,0,2019-06-12 11-26-35,140,0,2019-06-12 11-26-35,143,0,
2019-06-12 11-26-37,142,0,2019-06-12 11-26-37,141,0,2019-06-12 11-26-36,141,0,2019-06-12 11-26-36,142,0,
2019-06-12 11-26-38,142,0,2019-06-12 11-26-38,141,0,2019-06-12 11-26-37,141,0,2019-06-12 11-26-37,142,0,
2019-06-12 11-26-39,142,0,2019-06-12 11-26-39,141,0,2019-06-12 11-26-38,141,0,2019-06-12 11-26-38,142,0,
2019-06-12 11-26-40,141,0,2019-06-12 11-26-40,141,0,2019-06-12 11-26-39,141,0,2019-06-12 11-26-39,142,0,
2019-06-12 11-26-41,141,0,2019-06-12 11-26-41,141,0,2019-06-12 11-26-40,141,0,2019-06-12 11-26-40,141,0,
2019-06-12 11-26-42,141,0,2019-06-12 11-26-42,141,0,2019-06-12 11-26-41,141,0,2019-06-12 11-26-41,141,0,
2019-06-12 11-26-43,140,0,2019-06-12 11-26-43,141,0,2019-06-12 11-26-42,141,0,2019-06-12 11-26-42,141,0,
2019-06-12 11-26-44,142,0,2019-06-12 11-26-44,144,0,2019-06-12 11-26-43,141,0,2019-06-12 11-26-43,145,0,
2019-06-12 11-26-45,141,0,2019-06-12 11-26-45,144,0,2019-06-12 11-26-44,141,0,2019-06-12 11-26-44,148,0,
2019-06-12 11-26-46,141,0,2019-06-12 11-26-46,144,0,2019-06-12 11-26-45,140,0,2019-06-12 11-26-45,148,0,
2019-06-12 11-26-47,145,0,2019-06-12 11-26-47,143,0,2019-06-12 11-26-46,142,0,2019-06-12 11-26-46,148,0,
2019-06-12 11-26-48,146,0,2019-06-12 11-26-48,146,0,2019-06-12 11-26-47,144,0,2019-06-12 11-26-47,147,0,
2019-06-12 11-26-49,145,0,2019-06-12 11-26-49,145,0,2019-06-12 11-26-48,144,0,2019-06-12 11-26-48,146,0,
2019-06-12 11-26-50,145,0,2019-06-12 11-26-50,146,0,2019-06-12 11-26-48,143,0,2019-06-12 11-26-49,145,0,
2019-06-12 11-26-51,146,0,2019-06-12 11-26-51,146,0,2019-06-12 11-26-50,145,0,2019-06-12 11-26-50,149,0,
2019-06-12 11-26-52,146,0,2019-06-12 11-26-52,146,0,2019-06-12 11-26-51,145,0,2019-06-12 11-26-51,149,0,
2019-06-12 11-26-53,146,0,2019-06-12 11-26-53,146,0,2019-06-12 11-26-51,146,0,2019-06-12 11-26-52,148,0,
2019-06-12 11-26-54,146,0,2019-06-12 11-26-54,146,0,2019-06-12 11-26-52,146,0,2019-06-12 11-26-53,148,0,
2019-06-12 11-26-55,146,0,2019-06-12 11-26-55,146,0,2019-06-12 11-26-53,146,0,2019-06-12 11-26-54,148,0,
2019-06-12 11-26-56,146,0,2019-06-12 11-26-56,146,0,2019-06-12 11-26-54,146,0,2019-06-12 11-26-55,151,0,
2019-06-12 11-26-56,146,0,2019-06-12 11-26-57,146,0,2019-06-12 11-26-55,146,0,2019-06-12 11-26-56,150,0,
2019-06-12 11-26-58,146,0,2019-06-12 11-26-58,146,0,2019-06-12 11-26-56,146,0,2019-06-12 11-26-57,150,0,
2019-06-12 11-26-59,146,0,2019-06-12 11-26-59,146,0,2019-06-12 11-26-57,146,0,2019-06-12 11-26-58,150,0,
2019-06-12 11-26-59,146,0,2019-06-12 11-27-00,146,0,2019-06-12 11-26-58,146,0,2019-06-12 11-26-59,149,0,
2019-06-12 11-27-00,146,0,2019-06-12 11-27-01,146,0,2019-06-12 11-26-59,146,0,2019-06-12 11-27-00,149,0,
2019-06-12 11-27-01,146,0,2019-06-12 11-27-02,146,0,2019-06-12 11-27-00,146,0,2019-06-12 11-27-01,149,0,
2019-06-12 11-27-02,146,0,2019-06-12 11-27-03,146,0,2019-06-12 11-27-01,146,0,2019-06-12 11-27-02,148,0,
2019-06-12 11-27-03,146,0,2019-06-12 11-27-04,146,0,2019-06-12 11-27-02,146,0,2019-06-12 11-27-03,148,0,
2019-06-12 11-27-04,146,0,2019-06-12 11-27-05,146,0,2019-06-12 11-27-03,146,0,2019-06-12 11-27-04,148,0,
2019-06-12 11-27-05,146,0,2019-06-12 11-27-06,146,0,2019-06-12 11-27-04,146,0,2019-06-12 11-27-05,147,0,
2019-06-12 11-27-06,146,0,2019-06-12 11-27-07,146,0,2019-06-12 11-27-05,146,0,2019-06-12 11-27-06,147,0,
2019-06-12 11-27-07,146,0,2019-06-12 11-27-08,146,0,2019-06-12 11-27-06,146,0,2019-06-12 11-27-07,151,0,
2019-06-12 11-27-08,146,0,2019-06-12 11-27-09,146,0,2019-06-12 11-27-07,146,0,2019-06-12 11-27-08,150,0,
2019-06-12 11-27-09,146,0,2019-06-12 11-27-10,146,0,2019-06-12 11-27-08,146,0,2019-06-12 11-27-09,150,0,
2019-06-12 11-27-10,146,0,2019-06-12 11-27-11,146,0,2019-06-12 11-27-09,146,0,2019-06-12 11-27-10,150,0,
2019-06-12 11-27-11,146,0,2019-06-12 11-27-12,146,0,2019-06-12 11-27-10,146,0,2019-06-12 11-27-11,152,0,
2019-06-12 11-27-12,146,0,2019-06-12 11-27-13,146,0,2019-06-12 11-27-11,146,0,2019-06-12 11-27-12,151,0,
2019-06-12 11-27-13,146,0,2019-06-12 11-27-14,146,0,2019-06-12 11-27-12,146,0,2019-06-12 11-27-13,151,0,
2019-06-12 11-27-14,146,0,2019-06-12 11-27-15,146,0,2019-06-12 11-27-13,146,0,2019-06-12 11-27-14,150,0,
2019-06-12 11-27-15,146,0,2019-06-12 11-27-16,146,0,2019-06-12 11-27-14,146,0,2019-06-12 11-27-15,150,0,
2019-06-12 11-27-16,146,0,2019-06-12 11-27-17,146,0,2019-06-12 11-27-15,146,0,2019-06-12 11-27-16,150,0,
2019-06-12 11-27-17,146,0,2019-06-12 11-27-18,146,0,2019-06-12 11-27-16,146,0,2019-06-12 11-27-17,149,0,
2019-06-12 11-27-18,146,0,2019-06-12 11-27-19,146,0,2019-06-12 11-27-17,146,0,2019-06-12 11-27-18,149,0,
2019-06-12 11-27-19,150,0,2019-06-12 11-27-20,146,0,2019-06-12 11-27-18,146,0,2019-06-12 11-27-19,149,0,
2019-06-12 11-27-20,150,0,2019-06-12 11-27-21,146,0,2019-06-12 11-27-19,146,0,2019-06-12 11-27-20,149,0,
2019-06-12 11-27-21,149,0,2019-06-12 11-27-22,146,0,2019-06-12 11-27-20,146,0,2019-06-12 11-27-21,148,0,
2019-06-12 11-27-22,149,0,2019-06-12 11-27-23,146,0,2019-06-12 11-27-21,146,0,2019-06-12 11-27-22,148,0,
2019-06-12 11-27-23,149,0,2019-06-12 11-27-24,146,0,2019-06-12 11-27-22,146,0,2019-06-12 11-27-23,148,0,
2019-06-12 11-27-24,151,0,2019-06-12 11-27-25,146,0,2019-06-12 11-27-23,146,0,2019-06-12 11-27-24,151,0,
2019-06-12 11-27-25,150,0,2019-06-12 11-27-26,149,0,2019-06-12 11-27-24,146,0,2019-06-12 11-27-25,151,0,
2019-06-12 11-27-26,150,0,2019-06-12 11-27-27,151,0,2019-06-12 11-27-25,146,0,2019-06-12 11-27-26,150,0,
2019-06-12 11-27-27,149,0,2019-06-12 11-27-28,151,0,2019-06-12 11-27-26,146,0,2019-06-12 11-27-27,150,0,
2019-06-12 11-27-28,149,0,2019-06-12 11-27-29,150,0,2019-06-12 11-27-27,146,0,2019-06-12 11-27-28,152,0,
2019-06-12 11-27-29,149,0,2019-06-12 11-27-30,150,0,2019-06-12 11-27-28,146,0,2019-06-12 11-27-29,151,0,
2019-06-12 11-27-30,148,0,2019-06-12 11-27-31,149,0,2019-06-12 11-27-29,146,0,2019-06-12 11-27-30,151,0,
2019-06-12 11-27-31,148,0,2019-06-12 11-27-32,149,0,2019-06-12 11-27-30,146,0,2019-06-12 11-27-31,150,0,
2019-06-12 11-27-32,148,0,2019-06-12 11-27-33,149,0,2019-06-12 11-27-31,146,0,2019-06-12 11-27-32,152,0,
2019-06-12 11-27-33,148,0,2019-06-12 11-27-34,148,0,2019-06-12 11-27-32,146,0,2019-06-12 11-27-33,151,0,
2019-06-12 11-27-34,148,0,2019-06-12 11-27-35,148,0,2019-06-12 11-27-33,146,0,2019-06-12 11-27-34,152,0,
2019-06-12 11-27-35,147,0,2019-06-12 11-27-36,148,0,2019-06-12 11-27-34,146,0,2019-06-12 11-27-35,152,0,
2019-06-12 11-27-36,147,0,2019-06-12 11-27-37,148,0,2019-06-12 11-27-35,146,0,2019-06-12 11-27-36,151,0,
2019-06-12 11-27-37,147,0,2019-06-12 11-27-38,148,0,2019-06-12 11-27-36,146,0,2019-06-12 11-27-37,152,0,
2019-06-12 11-27-38,147,0,2019-06-12 11-27-39,148,0,2019-06-12 11-27-37,146,0,2019-06-12 11-27-38,152,0,
2019-06-12 11-27-39,147,0,2019-06-12 11-27-40,147,0,2019-06-12 11-27-38,146,0,2019-06-12 11-27-39,152,0,
2019-06-12 11-27-40,149,0,2019-06-12 11-27-41,147,0,2019-06-12 11-27-39,146,0,2019-06-12 11-27-40,152,0,
2019-06-12 11-27-41,149,0,2019-06-12 11-27-42,147,0,2019-06-12 11-27-40,146,0,2019-06-12 11-27-41,152,0,
2019-06-12 11-27-42,148,0,2019-06-12 11-27-43,147,0,2019-06-12 11-27-41,146,0,2019-06-12 11-27-42,151,0,
2019-06-12 11-27-43,148,0,2019-06-12 11-27-44,147,0,2019-06-12 11-27-42,146,0,2019-06-12 11-27-43,151,0,
2019-06-12 11-27-44,147,0,2019-06-12 11-27-44,147,0,2019-06-12 11-27-43,146,0,2019-06-12 11-27-44,150,0,
2019-06-12 11-27-45,147,0,2019-06-12 11-27-46,147,0,2019-06-12 11-27-44,146,0,2019-06-12 11-27-45,150,0,
2019-06-12 11-27-46,147,0,2019-06-12 11-27-47,147,0,2019-06-12 11-27-45,146,0,2019-06-12 11-27-46,152,0,
2019-06-12 11-27-47,147,0,2019-06-12 11-27-47,147,0,2019-06-12 11-27-46,146,0,2019-06-12 11-27-47,151,0,
2019-06-12 11-27-48,147,0,2019-06-12 11-27-49,147,0,2019-06-12 11-27-47,146,0,2019-06-12 11-27-48,151,0,
2019-06-12 11-27-49,147,0,2019-06-12 11-27-50,147,0,2019-06-12 11-27-48,146,0,2019-06-12 11-27-49,152,0,
2019-06-12 11-27-50,147,0,2019-06-12 11-27-50,147,0,2019-06-12 11-27-49,146,0,2019-06-12 11-27-50,151,0,
2019-06-12 11-27-51,147,0,2019-06-12 11-27-51,147,0,2019-06-12 11-27-50,146,0,2019-06-12 11-27-51,151,0,
2019-06-12 11-27-52,146,0,2019-06-12 11-27-52,146,0,2019-06-12 11-27-51,146,0,2019-06-12 11-27-52,150,0,
2019-06-12 11-27-53,146,0,2019-06-12 11-27-53,146,0,2019-06-12 11-27-52,146,0,2019-06-12 11-27-53,150,0,
2019-06-12 11-27-54,146,0,2019-06-12 11-27-54,146,0,2019-06-12 11-27-53,146,0,2019-06-12 11-27-54,150,0,
2019-06-12 11-27-55,146,0,2019-06-12 11-27-55,146,0,2019-06-12 11-27-54,146,0,2019-06-12 11-27-55,149,0,
2019-06-12 11-27-56,146,0,2019-06-12 11-27-56,146,0,2019-06-12 11-27-55,146,0,2019-06-12 11-27-56,149,0,
2019-06-12 11-27-57,146,0,2019-06-12 11-27-57,146,0,2019-06-12 11-27-56,146,0,2019-06-12 11-27-57,149,0,
2019-06-12 11-27-58,146,0,2019-06-12 11-27-58,146,0,2019-06-12 11-27-57,146,0,2019-06-12 11-27-58,148,0,
2019-06-12 11-27-59,146,0,2019-06-12 11-27-59,146,0,2019-06-12 11-27-58,146,0,2019-06-12 11-27-59,148,0,
2019-06-12 11-28-00,146,0,2019-06-12 11-28-00,146,0,2019-06-12 11-27-59,146,0,2019-06-12 11-28-00,148,0,
2019-06-12 11-28-01,146,0,2019-06-12 11-28-01,146,0,2019-06-12 11-28-00,146,0,2019-06-12 11-28-01,148,0,
2019-06-12 11-28-02,151,0,2019-06-12 11-28-02,146,0,2019-06-12 11-28-01,146,0,2019-06-12 11-28-02,150,0,
2019-06-12 11-28-03,150,0,2019-06-12 11-28-03,146,0,2019-06-12 11-28-02,146,0,2019-06-12 11-28-03,150,0,
2019-06-12 11-28-04,152,0,2019-06-12 11-28-04,146,0,2019-06-12 11-28-03,146,0,2019-06-12 11-28-04,151,0,
2019-06-12 11-28-05,152,0,2019-06-12 11-28-05,146,0,2019-06-12 11-28-04,146,0,2019-06-12 11-28-05,151,0,
2019-06-12 11-28-06,151,0,2019-06-12 11-28-06,146,0,2019-06-12 11-28-05,146,0,2019-06-12 11-28-06,151,0,
2019-06-12 11-28-07,152,0,2019-06-12 11-28-07,147,0,2019-06-12 11-28-06,146,0,2019-06-12 11-28-07,150,0,
2019-06-12 11-28-08,152,0,2019-06-12 11-28-08,147,0,2019-06-12 11-28-07,150,0,2019-06-12 11-28-08,152,0,
2019-06-12 11-28-09,152,0,2019-06-12 11-28-09,148,0,2019-06-12 11-28-08,150,0,2019-06-12 11-28-09,151,0,
2019-06-12 11-28-10,152,0,2019-06-12 11-28-10,148,0,2019-06-12 11-28-09,149,0,2019-06-12 11-28-10,152,0,
2019-06-12 11-28-11,151,0,2019-06-12 11-28-11,150,0,2019-06-12 11-28-10,152,0,2019-06-12 11-28-11,152,0,
2019-06-12 11-28-12,150,0,2019-06-12 11-28-12,150,0,2019-06-12 11-28-11,152,0,2019-06-12 11-28-12,152,0,
2019-06-12 11-28-13,150,0,2019-06-12 11-28-13,149,0,2019-06-12 11-28-12,151,0,2019-06-12 11-28-13,152,0,
2019-06-12 11-28-14,151,0,2019-06-12 11-28-14,149,0,2019-06-12 11-28-13,152,0,2019-06-12 11-28-14,152,0,
2019-06-12 11-28-15,150,0,2019-06-12 11-28-15,149,0,2019-06-12 11-28-14,151,0,2019-06-12 11-28-15,151,0,
2019-06-12 11-28-16,150,0,2019-06-12 11-28-16,148,0,2019-06-12 11-28-15,151,0,2019-06-12 11-28-16,151,0,
2019-06-12 11-28-17,150,0,2019-06-12 11-28-17,148,0,2019-06-12 11-28-16,154,0,2019-06-12 11-28-17,151,0,
2019-06-12 11-28-18,149,0,2019-06-12 11-28-18,148,0,2019-06-12 11-28-17,154,0,2019-06-12 11-28-18,152,0,
2019-06-12 11-28-19,149,0,2019-06-12 11-28-19,148,0,2019-06-12 11-28-18,154,0,2019-06-12 11-28-19,152,0,
2019-06-12 11-28-20,151,0,2019-06-12 11-28-20,148,0,2019-06-12 11-28-19,154,0,2019-06-12 11-28-20,152,0,
2019-06-12 11-28-21,152,0,2019-06-12 11-28-21,148,0,2019-06-12 11-28-20,155,0,2019-06-12 11-28-21,152,0,
2019-06-12 11-28-22,155,0,2019-06-12 11-28-22,151,0,2019-06-12 11-28-21,155,0,2019-06-12 11-28-22,152,0,
2019-06-12 11-28-23,154,0,2019-06-12 11-28-23,151,0,2019-06-12 11-28-22,157,0,2019-06-12 11-28-23,152,0,
2019-06-12 11-28-24,154,0,2019-06-12 11-28-24,152,0,2019-06-12 11-28-23,156,0,2019-06-12 11-28-24,152,0,
2019-06-12 11-28-25,154,0,2019-06-12 11-28-25,152,0,2019-06-12 11-28-24,156,0,2019-06-12 11-28-25,152,0,
2019-06-12 11-28-26,153,0,2019-06-12 11-28-26,152,0,2019-06-12 11-28-25,155,0,2019-06-12 11-28-26,152,0,
2019-06-12 11-28-27,153,0,2019-06-12 11-28-27,152,0,2019-06-12 11-28-26,154,0,2019-06-12 11-28-27,152,0,
2019-06-12 11-28-28,153,0,2019-06-12 11-28-28,152,0,2019-06-12 11-28-27,157,0,2019-06-12 11-28-28,152,0,
2019-06-12 11-28-29,153,0,2019-06-12 11-28-29,152,0,2019-06-12 11-28-28,157,0,2019-06-12 11-28-29,152,0,
2019-06-12 11-28-30,153,0,2019-06-12 11-28-30,152,0,2019-06-12 11-28-29,156,0,2019-06-12 11-28-30,152,0,
2019-06-12 11-28-31,154,0,2019-06-12 11-28-31,152,0,2019-06-12 11-28-30,156,0,2019-06-12 11-28-31,152,0,
2019-06-12 11-28-32,153,0,2019-06-12 11-28-32,152,0,2019-06-12 11-28-31,155,0,2019-06-12 11-28-32,152,0,
2019-06-12 11-28-33,153,0,2019-06-12 11-28-33,152,0,2019-06-12 11-28-32,155,0,2019-06-12 11-28-33,152,0,
2019-06-12 11-28-34,153,0,2019-06-12 11-28-34,152,0,2019-06-12 11-28-33,155,0,2019-06-12 11-28-34,152,0,
2019-06-12 11-28-35,153,0,2019-06-12 11-28-35,152,0,2019-06-12 11-28-34,155,0,2019-06-12 11-28-35,152,0,
2019-06-12 11-28-36,153,0,2019-06-12 11-28-36,152,0,2019-06-12 11-28-35,154,0,2019-06-12 11-28-36,152,0,
2019-06-12 11-28-37,152,0,2019-06-12 11-28-37,152,0,2019-06-12 11-28-36,154,0,2019-06-12 11-28-37,152,0,
2019-06-12 11-28-38,152,0,2019-06-12 11-28-38,152,0,2019-06-12 11-28-37,154,0,2019-06-12 11-28-38,152,0,
2019-06-12 11-28-39,152,0,2019-06-12 11-28-39,152,0,2019-06-12 11-28-38,153,0,2019-06-12 11-28-39,152,0,
2019-06-12 11-28-40,151,0,2019-06-12 11-28-40,152,0,2019-06-12 11-28-39,153,0,2019-06-12 11-28-40,152,0,
2019-06-12 11-28-41,152,0,2019-06-12 11-28-41,151,0,2019-06-12 11-28-40,152,0,2019-06-12 11-28-41,151,0,
2019-06-12 11-35-12,131,0,2019-06-12 11-35-12,132,0,2019-06-12 11-28-41,152,0,2019-06-12 11-35-12,130,0,
2019-06-12 11-35-13,131,0,2019-06-12 11-35-13,131,0,2019-06-12 11-35-12,130,0,2019-06-12 11-35-13,130,0,
2019-06-12 11-35-14,130,0,2019-06-12 11-35-14,131,0,2019-06-12 11-35-13,130,0,2019-06-12 11-35-14,128,0,
2019-06-12 11-35-15,130,0,2019-06-12 11-35-15,130,0,2019-06-12 11-35-14,130,0,2019-06-12 11-35-15,128,0,
2019-06-12 11-35-16,130,0,2019-06-12 11-35-16,129,0,2019-06-12 11-35-15,130,0,2019-06-12 11-35-16,129,0,
2019-06-12 11-35-17,131,0,2019-06-12 11-35-17,128,0,2019-06-12 11-35-16,129,0,2019-06-12 11-35-17,130,0,
2019-06-12 11-35-18,132,0,2019-06-12 11-35-18,127,0,2019-06-12 11-35-17,128,0,2019-06-12 11-35-18,131,0,
2019-06-12 11-35-19,132,0,2019-06-12 11-35-19,126,0,2019-06-12 11-35-18,127,0,2019-06-12 11-35-19,132,0,
2019-06-12 11-35-20,131,0,2019-06-12 11-35-20,126,0,2019-06-12 11-35-19,127,0,2019-06-12 11-35-20,133,0,
2019-06-12 11-35-21,132,0,2019-06-12 11-35-21,127,0,2019-06-12 11-35-20,126,0,2019-06-12 11-35-21,133,0,
2019-06-12 11-35-22,133,0,2019-06-12 11-35-22,126,0,2019-06-12 11-35-21,126,0,2019-06-12 11-35-22,132,0,
2019-06-12 11-35-23,134,0,2019-06-12 11-35-23,125,0,2019-06-12 11-35-22,125,0,2019-06-12 11-35-23,132,0,
2019-06-12 11-35-24,134,0,2019-06-12 11-35-24,124,0,2019-06-12 11-35-23,125,0,2019-06-12 11-35-24,133,0,
2019-06-12 11-35-25,133,0,2019-06-12 11-35-25,122,0,2019-06-12 11-35-24,124,0,2019-06-12 11-35-25,132,0,
2019-06-12 11-35-26,134,0,2019-06-12 11-35-26,121,0,2019-06-12 11-35-25,121,0,2019-06-12 11-35-26,132,0,
2019-06-12 11-35-27,134,0,2019-06-12 11-35-27,120,0,2019-06-12 11-35-26,120,0,2019-06-12 11-35-27,132,0,
2019-06-12 11-35-28,135,0,2019-06-12 11-35-28,120,0,2019-06-12 11-35-27,119,0,2019-06-12 11-35-28,132,0,
2019-06-12 11-35-29,136,0,2019-06-12 11-35-29,119,0,2019-06-12 11-35-28,119,0,2019-06-12 11-35-29,132,0,
2019-06-12 11-35-30,135,0,2019-06-12 11-35-30,119,0,2019-06-12 11-35-29,118,0,2019-06-12 11-35-30,133,0,
2019-06-12 11-35-31,136,0,2019-06-12 11-35-31,118,0,2019-06-12 11-35-30,118,0,2019-06-12 11-35-31,132,0,
2019-06-12 11-35-32,137,0,2019-06-12 11-35-32,116,0,2019-06-12 11-35-31,118,0,2019-06-12 11-35-32,132,0,
2019-06-12 11-35-33,138,0,2019-06-12 11-35-33,117,0,2019-06-12 11-35-32,118,0,2019-06-12 11-35-33,132,0,
2019-06-12 11-35-34,138,0,2019-06-12 11-35-34,117,0,2019-06-12 11-35-33,117,0,2019-06-12 11-35-34,133,0,
2019-06-12 11-35-35,137,0,2019-06-12 11-35-35,117,0,2019-06-12 11-35-34,117,0,2019-06-12 11-35-35,132,0,
2019-06-12 11-35-36,135,0,2019-06-12 11-35-36,117,0,2019-06-12 11-35-35,117,0,2019-06-12 11-35-36,131,0,
